feature,importance
rainfall_sum,0.3016490072855986
rainfall_max,0.26897415056695717
rainfall_mm,0.24987484385222478
year,0.08109967274917854
season_code,0.052474831695812026
month,0.04592749385022889
